"element","xcenter","ycenter","zcenter","xloc","yloc","zloc","xb","yb","zb"
"H1P",32.0,30.8,13.7040225613,39.3099248626,37.6563795847,16.3467547135,0.479931606088,0.384604308487,0.164586949593
"H2P",32.0,30.8,13.7040225613,40.4912112885,39.5227617618,16.2696454637,0.545311566783,0.496448258246,0.167134718355
"H3P",32.0,30.8,13.7040225613,43.8403017673,32.5545271047,16.1373848907,0.74505792762,0.0809980813256,0.190449585541
"H4P",32.0,30.8,13.7040225613,40.9056354712,29.6925025343,15.7152747417,0.572279360204,-0.075538193924,0.127866077223
